<?xml version="1.0" encoding="UTF-8"?>
<beans xmlns="http://www.springframework.org/schema/beans"
	xmlns:xsi="http://www.w3.org/2001/XMLSchema-instance"
	xmlns:p="http://www.springframework.org/schema/p"
	xmlns:c="http://www.springframework.org/schema/c"
	xmlns:aop="http://www.springframework.org/schema/aop"
	xmlns:context="http://www.springframework.org/schema/context"
	xmlns:jee="http://www.springframework.org/schema/jee"
	xmlns:tx="http://www.springframework.org/schema/tx"
	xmlns:task="http://www.springframework.org/schema/task"
	xsi:schemaLocation="http://www.springframework.org/schema/aop http://www.springframework.org/schema/aop/spring-aop-3.2.xsd http://www.springframework.org/schema/beans http://www.springframework.org/schema/beans/spring-beans-3.2.xsd http://www.springframework.org/schema/context http://www.springframework.org/schema/context/spring-context-3.2.xsd http://www.springframework.org/schema/jee http://www.springframework.org/schema/jee/spring-jee-3.2.xsd http://www.springframework.org/schema/tx http://www.springframework.org/schema/tx/spring-tx-3.2.xsd http://www.springframework.org/schema/task http://www.springframework.org/schema/task/spring-task-3.2.xsd">
	<context:component-scan
		base-package="com.ris.cls" />
	<!-- This is using getters and setter in application context -->
	<bean id="booka" class="com.ris.cls.Books">
		<property name="bid" value="2122"></property>
		<property name="bname" value="Macbeth"></property>
		<property name="bauth" value="Shakspeare"></property>
	</bean>
	<!-- This is to use constructor to put values in application context -->
	<bean id="bact" class="com.ris.cls.BankAccount">
		<constructor-arg name="id" value="32343254"></constructor-arg>
		<constructor-arg name="name" value="Wadala"></constructor-arg>
		<constructor-arg name="act" value="HDFC"></constructor-arg>
	</bean>
	<!-- This is using both getter and setters as well as constructors -->
	<bean id="Ledgehome" class="com.ris.cls.LedgerBook">
		<property name="LeId" value="1"></property>
		<property name="LeCat" value="Detergents"></property>
		<constructor-arg name="item" value="Harpic"></constructor-arg>
		<constructor-arg name="quant" value="50"></constructor-arg>
	</bean>
	<!-- Showcasing Normal inheritance parent-child inheritance -->
	<bean id="perbean" class="com.ris.cls.Person">
		<property name="pid" value="1"></property>
		<property name="pname" value="Risheel"></property>
		<property name="pemail" value="Risheel@gmail.com"></property>
	</bean>
	<bean id="empbean" class="com.ris.cls.Employee" parent="perbean">
		<property name="organization" value="npci"></property>
	</bean>
	<bean id="manager" class="com.ris.cls.Manager" parent="empbean">
		<property name="manId" value="1"></property>
	</bean>
	<bean id="basc" abstract="true" class="com.ris.cls.BasCls">
		<property name="emailId" value="risheel@gmail.com"></property>
		<property name="mobile" value="7021423738"></property>
	</bean>
	<bean id="chd" parent="basc" class="com.ris.cls.ChdCls">
	</bean>

	<bean id="ifacea" class="com.ris.cls.IFaceA" abstract="true"></bean>
	<bean id="faceimpl" parent="ifacea" class="com.ris.cls.FaceAImpl"></bean>

	<!-- Collection Injection -->

	<bean id="uni" class="com.ris.cls.University">
		<property name="uname" value="IIT Kharagpur"></property>
		<property name="sList">
			<array>
				<bean id="stda" class="com.ris.cls.Student">
					<property name="sname" value="Risheel"></property>
					<property name="sbranch" value="It"></property>

				</bean>
				<bean id="stdb" class="com.ris.cls.Student">
					<property name="sname" value="Ram"></property>
					<property name="sbranch" value="Science"></property>

				</bean>
				<bean id="stdc" class="com.ris.cls.Student">
					<property name="sname" value="Sham"></property>
					<property name="sbranch" value="Commerce"></property>

				</bean>
				<bean id="stdd" class="com.ris.cls.Student">
					<property name="sname" value="Tam"></property>
					<property name="sbranch" value="Geo"></property>

				</bean>
				<bean id="stde" class="com.ris.cls.Student">
					<property name="sname" value="Yam"></property>
					<property name="sbranch" value="History"></property>
				</bean>
			</array>
		</property>
	</bean>

	<!-- List Injection -->
	<bean id="depta" class="com.ris.cls.Department">
		<property name="deptid" value="6"></property>
		<property name="deptname" value="Physics"></property>
		<property name="lprofs">
			<list>
				<bean id="pa" class="com.ris.cls.Professor">
					<property name="pname" value="Risheel"></property>
					<property name="pbranch" value="It"></property>

				</bean>
				<bean id="pb" class="com.ris.cls.Professor">
					<property name="pname" value="Ram"></property>
					<property name="pbranch" value="Science"></property>

				</bean>
				<bean id="pc" class="com.ris.cls.Professor">
					<property name="pname" value="Sham"></property>
					<property name="pbranch" value="Commerce"></property>

				</bean>
				<bean id="pd" class="com.ris.cls.Professor">
					<property name="pname" value="Tam"></property>
					<property name="pbranch" value="Geo"></property>

				</bean>
				<bean id="pe" class="com.ris.cls.Professor">
					<property name="pname" value="Yam"></property>
					<property name="pbranch" value="History"></property>
				</bean>
			</list>
		</property>
	</bean>
	<!-- Map Injection -->
	<bean id="fir" class="com.ris.cls.FirstCls">
		<property name="idenStr" value="String"></property>
		<property name="myMap">
			<map>
				<entry key="1" value="a"></entry>
				<entry key="2" value="b"></entry>
				<entry key="3" value="c"></entry>
				<entry key="4" value="d"></entry>
				<entry key="5" value="e"></entry>
			</map>
		</property>
	</bean>

</beans>